Start (ns),Duration (ns),CorrId,GrdX,GrdY,GrdZ,BlkX,BlkY,BlkZ,Reg/Trd,StcSMem (MB),DymSMem (MB),Bytes (MB),Throughput (MB/s),SrcMemKd,DstMemKd,Device,Ctx,GreenCtx,Strm,Name
8933181279,1044997,468,,,,,,,,,,16.777,16039.018,Pageable,Device,NVIDIA RTX PRO 4500 Blackwell (3),1,,7,[CUDA memcpy Host-to-Device]
8934280004,386050,469,,,,,,,,,,8.389,21726.495,Pageable,Device,NVIDIA RTX PRO 4500 Blackwell (3),1,,7,[CUDA memcpy Host-to-Device]
8934671878,4864,470,,,,,,,,,,8.389,1724630.696,Device,,NVIDIA RTX PRO 4500 Blackwell (3),1,,7,[CUDA memset]
9480553958,544,1754,,,,,,,,,,0.002,4470.588,Device,,NVIDIA RTX PRO 4500 Blackwell (3),1,,17,[CUDA memset]
9480711943,384,1765,,,,,,,,,,0.000,187.500,Device,,NVIDIA RTX PRO 4500 Blackwell (3),1,,17,[CUDA memset]
9480733031,224,1768,,,,,,,,,,0.000,35.714,Pageable,Device,NVIDIA RTX PRO 4500 Blackwell (3),1,,17,[CUDA memcpy Host-to-Device]
9480738279,256,1771,,,,,,,,,,0.000,31.250,Pageable,Device,NVIDIA RTX PRO 4500 Blackwell (3),1,,17,[CUDA memcpy Host-to-Device]
9480741415,256,1774,,,,,,,,,,0.000,31.250,Pageable,Device,NVIDIA RTX PRO 4500 Blackwell (3),1,,17,[CUDA memcpy Host-to-Device]
9480744807,256,1777,,,,,,,,,,0.000,31.250,Pageable,Device,NVIDIA RTX PRO 4500 Blackwell (3),1,,17,[CUDA memcpy Host-to-Device]
9480876200,352,1788,,,,,,,,,,0.000,45.455,Device,,NVIDIA RTX PRO 4500 Blackwell (3),1,,17,[CUDA memset]
9481021737,480,1801,,,,,,,,,,0.002,5066.666,Device,,NVIDIA RTX PRO 4500 Blackwell (3),1,,17,[CUDA memset]
9481142857,384,1812,,,,,,,,,,0.000,187.500,Device,,NVIDIA RTX PRO 4500 Blackwell (3),1,,17,[CUDA memset]
9481149385,256,1815,,,,,,,,,,0.000,31.250,Pageable,Device,NVIDIA RTX PRO 4500 Blackwell (3),1,,17,[CUDA memcpy Host-to-Device]
9481152841,256,1818,,,,,,,,,,0.000,31.250,Pageable,Device,NVIDIA RTX PRO 4500 Blackwell (3),1,,17,[CUDA memcpy Host-to-Device]
9481156393,256,1821,,,,,,,,,,0.000,31.250,Pageable,Device,NVIDIA RTX PRO 4500 Blackwell (3),1,,17,[CUDA memcpy Host-to-Device]
9481159529,256,1824,,,,,,,,,,0.000,31.250,Pageable,Device,NVIDIA RTX PRO 4500 Blackwell (3),1,,17,[CUDA memcpy Host-to-Device]
9481295914,384,1835,,,,,,,,,,0.000,41.667,Device,,NVIDIA RTX PRO 4500 Blackwell (3),1,,17,[CUDA memset]
9485433789,1120,1848,,,,,,,,,,0.024,21114.282,Device,,NVIDIA RTX PRO 4500 Blackwell (3),1,,17,[CUDA memset]
9485618238,384,1859,,,,,,,,,,0.000,41.667,Device,,NVIDIA RTX PRO 4500 Blackwell (3),1,,17,[CUDA memset]
9485628542,224,1862,,,,,,,,,,0.000,71.429,Pageable,Device,NVIDIA RTX PRO 4500 Blackwell (3),1,,17,[CUDA memcpy Host-to-Device]
9485882239,256,1874,,,,,,,,,,0.000,62.500,Pageable,Device,NVIDIA RTX PRO 4500 Blackwell (3),1,,17,[CUDA memcpy Host-to-Device]
9485887679,256,1877,,,,,,,,,,0.000,62.500,Pageable,Device,NVIDIA RTX PRO 4500 Blackwell (3),1,,17,[CUDA memcpy Host-to-Device]
9485897471,1024,1880,,,,,,,,,,0.024,23093.738,Pageable,Device,NVIDIA RTX PRO 4500 Blackwell (3),1,,17,[CUDA memcpy Host-to-Device]
9519807964,704,4996,,,,,,,,,,0.002,3454.544,Device,,NVIDIA RTX PRO 4500 Blackwell (3),1,,25,[CUDA memset]
9520149374,384,5007,,,,,,,,,,0.000,187.500,Device,,NVIDIA RTX PRO 4500 Blackwell (3),1,,25,[CUDA memset]
9520161118,224,5010,,,,,,,,,,0.000,35.714,Pageable,Device,NVIDIA RTX PRO 4500 Blackwell (3),1,,25,[CUDA memcpy Host-to-Device]
9520166430,256,5013,,,,,,,,,,0.000,31.250,Pageable,Device,NVIDIA RTX PRO 4500 Blackwell (3),1,,25,[CUDA memcpy Host-to-Device]
9520170718,224,5016,,,,,,,,,,0.000,35.714,Pageable,Device,NVIDIA RTX PRO 4500 Blackwell (3),1,,25,[CUDA memcpy Host-to-Device]
9520172926,256,5019,,,,,,,,,,0.000,31.250,Pageable,Device,NVIDIA RTX PRO 4500 Blackwell (3),1,,25,[CUDA memcpy Host-to-Device]
9520448735,384,5030,,,,,,,,,,0.000,41.667,Device,,NVIDIA RTX PRO 4500 Blackwell (3),1,,25,[CUDA memset]
9520748065,480,5043,,,,,,,,,,0.002,5066.666,Device,,NVIDIA RTX PRO 4500 Blackwell (3),1,,25,[CUDA memset]
9521084930,384,5054,,,,,,,,,,0.000,187.500,Device,,NVIDIA RTX PRO 4500 Blackwell (3),1,,25,[CUDA memset]
9521091714,256,5057,,,,,,,,,,0.000,31.250,Pageable,Device,NVIDIA RTX PRO 4500 Blackwell (3),1,,25,[CUDA memcpy Host-to-Device]
9521095234,256,5060,,,,,,,,,,0.000,31.250,Pageable,Device,NVIDIA RTX PRO 4500 Blackwell (3),1,,25,[CUDA memcpy Host-to-Device]
9521100002,224,5063,,,,,,,,,,0.000,35.714,Pageable,Device,NVIDIA RTX PRO 4500 Blackwell (3),1,,25,[CUDA memcpy Host-to-Device]
9521102562,256,5066,,,,,,,,,,0.000,31.250,Pageable,Device,NVIDIA RTX PRO 4500 Blackwell (3),1,,25,[CUDA memcpy Host-to-Device]
9521318595,384,5077,,,,,,,,,,0.000,41.667,Device,,NVIDIA RTX PRO 4500 Blackwell (3),1,,25,[CUDA memset]
9521688549,768,5090,,,,,,,,,,0.024,30791.659,Device,,NVIDIA RTX PRO 4500 Blackwell (3),1,,25,[CUDA memset]
9522059975,384,5101,,,,,,,,,,0.000,41.667,Device,,NVIDIA RTX PRO 4500 Blackwell (3),1,,25,[CUDA memset]
9522067431,224,5104,,,,,,,,,,0.000,71.429,Pageable,Device,NVIDIA RTX PRO 4500 Blackwell (3),1,,25,[CUDA memcpy Host-to-Device]
9523839407,416,5116,,,,,,,,,,0.000,38.462,Pageable,Device,NVIDIA RTX PRO 4500 Blackwell (3),1,,25,[CUDA memcpy Host-to-Device]
9523843791,288,5119,,,,,,,,,,0.000,55.556,Pageable,Device,NVIDIA RTX PRO 4500 Blackwell (3),1,,25,[CUDA memcpy Host-to-Device]
9523851631,1056,5122,,,,,,,,,,0.024,22393.923,Pageable,Device,NVIDIA RTX PRO 4500 Blackwell (3),1,,25,[CUDA memcpy Host-to-Device]
9530734543,480,5473,,,,,,,,,,0.001,2533.333,Device,,NVIDIA RTX PRO 4500 Blackwell (3),1,,27,[CUDA memset]
9531263665,352,5484,,,,,,,,,,0.000,113.636,Device,,NVIDIA RTX PRO 4500 Blackwell (3),1,,27,[CUDA memset]
9531272305,224,5487,,,,,,,,,,0.000,35.714,Pageable,Device,NVIDIA RTX PRO 4500 Blackwell (3),1,,27,[CUDA memcpy Host-to-Device]
9531276017,256,5490,,,,,,,,,,0.000,31.250,Pageable,Device,NVIDIA RTX PRO 4500 Blackwell (3),1,,27,[CUDA memcpy Host-to-Device]
9531769076,352,5501,,,,,,,,,,0.000,22.727,Device,,NVIDIA RTX PRO 4500 Blackwell (3),1,,27,[CUDA memset]
9532246390,384,5514,,,,,,,,,,0.001,3166.666,Device,,NVIDIA RTX PRO 4500 Blackwell (3),1,,27,[CUDA memset]
9532582359,384,5525,,,,,,,,,,0.000,104.167,Device,,NVIDIA RTX PRO 4500 Blackwell (3),1,,27,[CUDA memset]
9532589367,256,5528,,,,,,,,,,0.000,31.250,Pageable,Device,NVIDIA RTX PRO 4500 Blackwell (3),1,,27,[CUDA memcpy Host-to-Device]
9532593495,256,5531,,,,,,,,,,0.000,31.250,Pageable,Device,NVIDIA RTX PRO 4500 Blackwell (3),1,,27,[CUDA memcpy Host-to-Device]
9532818841,352,5542,,,,,,,,,,0.000,22.727,Device,,NVIDIA RTX PRO 4500 Blackwell (3),1,,27,[CUDA memset]
9533007001,928,5555,,,,,,,,,,0.024,25482.754,Device,,NVIDIA RTX PRO 4500 Blackwell (3),1,,27,[CUDA memset]
9533133722,384,5566,,,,,,,,,,0.000,20.833,Device,,NVIDIA RTX PRO 4500 Blackwell (3),1,,27,[CUDA memset]
9533140282,256,5569,,,,,,,,,,0.000,31.250,Pageable,Device,NVIDIA RTX PRO 4500 Blackwell (3),1,,27,[CUDA memcpy Host-to-Device]
9533223834,256,5581,,,,,,,,,,0.000,31.250,Pageable,Device,NVIDIA RTX PRO 4500 Blackwell (3),1,,27,[CUDA memcpy Host-to-Device]
9533228346,256,5584,,,,,,,,,,0.000,31.250,Pageable,Device,NVIDIA RTX PRO 4500 Blackwell (3),1,,27,[CUDA memcpy Host-to-Device]
9533235418,1024,5587,,,,,,,,,,0.024,23093.738,Pageable,Device,NVIDIA RTX PRO 4500 Blackwell (3),1,,27,[CUDA memcpy Host-to-Device]
9541940227,480,5941,,,,,,,,,,0.001,2533.333,Device,,NVIDIA RTX PRO 4500 Blackwell (3),1,,29,[CUDA memset]
9542279012,384,5952,,,,,,,,,,0.000,104.167,Device,,NVIDIA RTX PRO 4500 Blackwell (3),1,,29,[CUDA memset]
9542288516,224,5955,,,,,,,,,,0.000,35.714,Pageable,Device,NVIDIA RTX PRO 4500 Blackwell (3),1,,29,[CUDA memcpy Host-to-Device]
9542293252,256,5958,,,,,,,,,,0.000,31.250,Pageable,Device,NVIDIA RTX PRO 4500 Blackwell (3),1,,29,[CUDA memcpy Host-to-Device]
9542582886,352,5969,,,,,,,,,,0.000,22.727,Device,,NVIDIA RTX PRO 4500 Blackwell (3),1,,29,[CUDA memset]
9542820967,384,5982,,,,,,,,,,0.001,3166.666,Device,,NVIDIA RTX PRO 4500 Blackwell (3),1,,29,[CUDA memset]
9543187337,352,5993,,,,,,,,,,0.000,113.636,Device,,NVIDIA RTX PRO 4500 Blackwell (3),1,,29,[CUDA memset]
9543194665,224,5996,,,,,,,,,,0.000,35.714,Pageable,Device,NVIDIA RTX PRO 4500 Blackwell (3),1,,29,[CUDA memcpy Host-to-Device]
9543197321,224,5999,,,,,,,,,,0.000,35.714,Pageable,Device,NVIDIA RTX PRO 4500 Blackwell (3),1,,29,[CUDA memcpy Host-to-Device]
9543705579,352,6010,,,,,,,,,,0.000,22.727,Device,,NVIDIA RTX PRO 4500 Blackwell (3),1,,29,[CUDA memset]
9544132717,800,6023,,,,,,,,,,0.024,29560.000,Device,,NVIDIA RTX PRO 4500 Blackwell (3),1,,29,[CUDA memset]
9544423982,352,6034,,,,,,,,,,0.000,22.727,Device,,NVIDIA RTX PRO 4500 Blackwell (3),1,,29,[CUDA memset]
9544430798,256,6037,,,,,,,,,,0.000,31.250,Pageable,Device,NVIDIA RTX PRO 4500 Blackwell (3),1,,29,[CUDA memcpy Host-to-Device]
9546412055,416,6049,,,,,,,,,,0.000,19.231,Pageable,Device,NVIDIA RTX PRO 4500 Blackwell (3),1,,29,[CUDA memcpy Host-to-Device]
9546416408,288,6052,,,,,,,,,,0.000,27.778,Pageable,Device,NVIDIA RTX PRO 4500 Blackwell (3),1,,29,[CUDA memcpy Host-to-Device]
9546423800,1056,6055,,,,,,,,,,0.024,22393.923,Pageable,Device,NVIDIA RTX PRO 4500 Blackwell (3),1,,29,[CUDA memcpy Host-to-Device]
9578916814,672,6147,,,,,,,,,,0.000,226.190,Pageable,Device,NVIDIA RTX PRO 4500 Blackwell (3),1,,30,[CUDA memcpy Host-to-Device]
9583154690,320,6154,,,,,,,,,,0.000,475.000,Pageable,Device,NVIDIA RTX PRO 4500 Blackwell (3),1,,30,[CUDA memcpy Host-to-Device]
9589290334,320,6161,,,,,,,,,,0.000,475.000,Pageable,Device,NVIDIA RTX PRO 4500 Blackwell (3),1,,30,[CUDA memcpy Host-to-Device]
9594754999,288,6168,,,,,,,,,,0.000,527.778,Pageable,Device,NVIDIA RTX PRO 4500 Blackwell (3),1,,30,[CUDA memcpy Host-to-Device]
9611917063,448,6247,,,,,,,,,,0.000,339.286,Pageable,Device,NVIDIA RTX PRO 4500 Blackwell (3),1,,28,[CUDA memcpy Host-to-Device]
9616847358,320,6254,,,,,,,,,,0.000,475.000,Pageable,Device,NVIDIA RTX PRO 4500 Blackwell (3),1,,28,[CUDA memcpy Host-to-Device]
9623171163,288,6261,,,,,,,,,,0.000,527.778,Pageable,Device,NVIDIA RTX PRO 4500 Blackwell (3),1,,28,[CUDA memcpy Host-to-Device]
9629655193,288,6268,,,,,,,,,,0.000,527.778,Pageable,Device,NVIDIA RTX PRO 4500 Blackwell (3),1,,28,[CUDA memcpy Host-to-Device]
9634038797,59777,6278,2,1,1,544,1,1,96,0.037,0.062,,,,,NVIDIA RTX PRO 4500 Blackwell (3),1,,16,ncclDevKernel_Broadcast_RING_LL(ncclDevKernelArgsStorage<(unsigned long)4096>)
9634100494,146688,6287,2,1,1,544,1,1,96,0.037,0.062,,,,,NVIDIA RTX PRO 4500 Blackwell (3),1,,16,ncclDevKernel_Broadcast_RING_LL(ncclDevKernelArgsStorage<(unsigned long)4096>)
9713969984,352,6388,,,,,,,,,,0.001,2090.909,Device,,NVIDIA RTX PRO 4500 Blackwell (3),1,,16,[CUDA memset]
9713988704,117664,6389,184,1,2,128,1,1,128,0.000,0.031,,,,,NVIDIA RTX PRO 4500 Blackwell (3),1,,16,void cutlass::Kernel2<cutlass_80_simt_sgemm_128x64_8x5_nn_align1>(T1::Params)
9714107968,6528,6390,,,,,,,,,,4.194,642508.653,Device,Device,NVIDIA RTX PRO 4500 Blackwell (3),1,,16,[CUDA memcpy Device-to-Device]
9714116096,8864,6391,,,,,,,,,,5.947,670955.028,Device,Device,NVIDIA RTX PRO 4500 Blackwell (3),1,,16,[CUDA memcpy Device-to-Device]
9714127232,307362,6406,2,1,1,544,1,1,96,0.037,0.062,,,,,NVIDIA RTX PRO 4500 Blackwell (3),1,,16,ncclDevKernel_Broadcast_RING_LL(ncclDevKernelArgsStorage<(unsigned long)4096>)
9714438210,219649,6415,2,1,1,544,1,1,96,0.037,0.062,,,,,NVIDIA RTX PRO 4500 Blackwell (3),1,,16,ncclDevKernel_Broadcast_RING_LL(ncclDevKernelArgsStorage<(unsigned long)4096>)
9714659299,608,6427,,,,,,,,,,0.001,1210.526,Device,,NVIDIA RTX PRO 4500 Blackwell (3),1,,16,[CUDA memset]
9714660611,115136,6428,184,1,2,128,1,1,128,0.000,0.031,,,,,NVIDIA RTX PRO 4500 Blackwell (3),1,,16,void cutlass::Kernel2<cutlass_80_simt_sgemm_128x64_8x5_nn_align1>(T1::Params)
9714778499,446050,6443,2,1,1,544,1,1,96,0.037,0.062,,,,,NVIDIA RTX PRO 4500 Blackwell (3),1,,16,ncclDevKernel_Broadcast_RING_LL(ncclDevKernelArgsStorage<(unsigned long)4096>)
9715227717,416994,6452,2,1,1,544,1,1,96,0.037,0.062,,,,,NVIDIA RTX PRO 4500 Blackwell (3),1,,16,ncclDevKernel_Broadcast_RING_LL(ncclDevKernelArgsStorage<(unsigned long)4096>)
9715646439,608,6463,,,,,,,,,,0.001,1210.526,Device,,NVIDIA RTX PRO 4500 Blackwell (3),1,,16,[CUDA memset]
9715647751,113249,6464,184,1,2,128,1,1,128,0.000,0.031,,,,,NVIDIA RTX PRO 4500 Blackwell (3),1,,16,void cutlass::Kernel2<cutlass_80_simt_sgemm_128x64_8x5_nn_align1>(T1::Params)
9715763304,6752,6465,,,,,,,,,,4.194,621193.200,Device,Device,NVIDIA RTX PRO 4500 Blackwell (3),1,,16,[CUDA memcpy Device-to-Device]
9715770920,10240,6466,,,,,,,,,,5.947,580798.513,Device,Device,NVIDIA RTX PRO 4500 Blackwell (3),1,,16,[CUDA memcpy Device-to-Device]
9715783208,304961,6481,2,1,1,544,1,1,96,0.037,0.062,,,,,NVIDIA RTX PRO 4500 Blackwell (3),1,,16,ncclDevKernel_Broadcast_RING_LL(ncclDevKernelArgsStorage<(unsigned long)4096>)
9716091721,219745,6490,2,1,1,544,1,1,96,0.037,0.062,,,,,NVIDIA RTX PRO 4500 Blackwell (3),1,,16,ncclDevKernel_Broadcast_RING_LL(ncclDevKernelArgsStorage<(unsigned long)4096>)
9716313642,320,6501,,,,,,,,,,0.001,2300.000,Device,,NVIDIA RTX PRO 4500 Blackwell (3),1,,16,[CUDA memset]
9716314698,115201,6502,184,1,2,128,1,1,128,0.000,0.031,,,,,NVIDIA RTX PRO 4500 Blackwell (3),1,,16,void cutlass::Kernel2<cutlass_80_simt_sgemm_128x64_8x5_nn_align1>(T1::Params)
9716433067,475778,6517,2,1,1,544,1,1,96,0.037,0.062,,,,,NVIDIA RTX PRO 4500 Blackwell (3),1,,16,ncclDevKernel_Broadcast_RING_LL(ncclDevKernelArgsStorage<(unsigned long)4096>)
9716910093,409378,6526,2,1,1,544,1,1,96,0.037,0.062,,,,,NVIDIA RTX PRO 4500 Blackwell (3),1,,16,ncclDevKernel_Broadcast_RING_LL(ncclDevKernelArgsStorage<(unsigned long)4096>)
9717321263,320,6537,,,,,,,,,,0.001,2300.000,Device,,NVIDIA RTX PRO 4500 Blackwell (3),1,,16,[CUDA memset]
9717322287,112577,6538,184,1,2,128,1,1,128,0.000,0.031,,,,,NVIDIA RTX PRO 4500 Blackwell (3),1,,16,void cutlass::Kernel2<cutlass_80_simt_sgemm_128x64_8x5_nn_align1>(T1::Params)
11486589968,717220,7092,,,,,,,,,,8.389,11693.720,Device,Pageable,NVIDIA RTX PRO 4500 Blackwell (3),1,,7,[CUDA memcpy Device-to-Host]
